{
  "n_failures": 115,
  "n_with_match": 107,
  "buckets": {
    "Q1 (0-25%)": 87,
    "Q2 (25-50%)": 11,
    "Q3 (50-75%)": 6,
    "Q4 (75-100%)": 3
  },
  "mean_position": 0.23035950770630845,
  "mean_offset_end": -0.7696404922936915
}